<?xml version="1.0" encoding="utf-8"?>
<extension
	type="module"
	version="3.0"
	client="site"
	method="upgrade"
	>
	<name>Protomenü</name>
	<author>Carsten Ruppert</author>
	<creationDate>2019-08-22</creationDate>
	<copyright>© 2018 - 2019 HEAD. MARKETING GmbH</copyright>
	<license>http://www.gnu.org/licenses/gpl-2.0.html GNU/GPL</license>
	<authorEmail>webmaster@headmarketing.de</authorEmail>
	<authorUrl>https://www.headmarketing.de</authorUrl>
	<version>4.0.1</version>
	<description>MOD_PTMENU_XML_DESCRIPTION</description>
	<files>
		<filename module="mod_protomenu">mod_protomenu.php</filename>
		<folder>tmpl</folder>
		<filename>helper.php</filename>
		<filename>index.html</filename>
		<filename>mod_protomenu.xml</filename>
	</files>
	<languages folder="language">
		<language tag="de-DE">de-DE.mod_protomenu.ini</language>
		<language tag="de-DE">de-DE.mod_protomenu.sys.ini</language>
	</languages>
	<media destination="mod_protomenu" folder="media">
		<filename>index.html</filename>
		<folder>js</folder>
		<folder>scss</folder>
	</media>
	<!--help key="JHELP_EXTENSIONS_MODULE_MANAGER_MENU" /-->
	<config>
		<fields name="params">
			<fieldset name="basic">
				<field
					name="menutype"
					type="menu"
					label="MOD_PTMENU_FIELD_MENUTYPE_LABEL"
					description="MOD_PTMENU_FIELD_MENUTYPE_DESC" />
				<field
					name="base"
					type="menuitem"
					label="MOD_PTMENU_FIELD_ACTIVE_LABEL"
					description="MOD_PTMENU_FIELD_ACTIVE_DESC"
					>
					<option value="">JCURRENT</option>
				</field>
				<field
					name="startLevel"
					type="list"
					default="1"
					label="MOD_PTMENU_FIELD_STARTLEVEL_LABEL"
					description="MOD_PTMENU_FIELD_STARTLEVEL_DESC"
				>
					<option value="1">J1</option>
					<option value="2">J2</option>
					<option value="3">J3</option>
					<option value="4">J4</option>
					<option value="5">J5</option>
					<option value="6">J6</option>
					<option value="7">J7</option>
					<option value="8">J8</option>
					<option value="9">J9</option>
					<option value="10">J10</option>
				</field>

				<field
					name="endLevel"
					type="list"
					default="0"
					label="MOD_PTMENU_FIELD_ENDLEVEL_LABEL"
					description="MOD_PTMENU_FIELD_ENDLEVEL_DESC"
					>
					<option value="0">JALL</option>
					<option value="1">J1</option>
					<option value="2">J2</option>
					<option value="3">J3</option>
					<option value="4">J4</option>
					<option value="5">J5</option>
					<option value="6">J6</option>
					<option value="7">J7</option>
					<option value="8">J8</option>
					<option value="9">J9</option>
					<option value="10">J10</option>
				</field>

				<field
					name="showAllChildren"
					type="radio"
					class="btn-group btn-group-yesno"
					default="1"
					label="MOD_PTMENU_FIELD_ALLCHILDREN_LABEL"
					description="MOD_PTMENU_FIELD_ALLCHILDREN_DESC">
					<option value="1">JYES</option>
					<option value="0">JNO</option>
				</field>

				<field
					name="menu_behavior"
					type="radio"
					class="btn-group btn-group-yesno"
					label="MOD_PTMENU_FIELD_MENUBEHAVIOR_LABEL"
					description="MOD_PTMENU_FIELD_MENUBEHAVIOR_DESC"
					default="1"
				>
						<option value="0">MOD_PTMENU_FIELD_MENUBEHAVIOR_OPT_STATIC</option>
						<option value="1">MOD_PTMENU_FIELD_MENUBEHAVIOR_OPT_DYNAMIC</option>
				</field>

				<field
					name="menu_rendermode"
					type="radio"
					showon="menu_behavior:1"
					class="btn-group btn-group-yesno"
					label="MOD_PTMENU_FIELD_MENU_RENDERMODE_LABEL"
					description="MOD_PTMENU_FIELD_MENU_RENDERMODE_DESC"
					default="list"
				>
						<option value="list">MOD_PTMENU_FIELD_MENU_RENDERMODE_OPT_LIST</option>
						<option value="listdivisions">MOD_PTMENU_FIELD_MENU_RENDERMODE_OPT_DIVS</option>
				</field>

				<field
					name="seperateswitch"
					type="radio"
					showon="menu_behavior:1"
					class="btn-group"
					default="0"
					label="MOD_PTMENU_FIELD_SEPERATESWITCH"
					description="MOD_PTMENU_FIELD_SEPERATESWITCH_DESC"
				>
					<option value="0">JNO</option>
					<option value="1">JYES</option>
				</field>

				<field
					name="mouseover"
					type="radio"
					showon="menu_behavior:1"
					class="btn-group"
					default="0"
					label="MOD_PTMENU_FIELD_MOUSEOVER"
					description="MOD_PTMENU_FIELD_MOUSEOVER_DESC"
				>
					<option value="0">JNO</option>
					<option value="1">JYES</option>
				</field>

				<field
					name="mouseover_events"
					type="text"
					showon="menu_behavior:1[AND]mouseover:1"
					class="input-xlarge"
					default="mouseenter.protomenu mouseleave.protomenu"
					label="MOD_PTMENU_FIELD_MOUSEOVER_EVENTS"
					description="MOD_PTMENU_FIELD_MOUSEOVER_EVENTS_DESC"
				/>

				<field
					name="mouseover_delay"
					type="text"
					inputtype="number"
					filter="int"
					showon="menu_behavior:1[AND]mouseover:1"
					class="input-small"
					default="100"
					label="MOD_PTMENU_FIELD_MOUSEOVER_DELAY"
					description="MOD_PTMENU_FIELD_MOUSEOVER_DELAY_DESC"
				/>

                <field
                    name="show_submenu_header"
                    type="radio"
                    showon="menu_behavior:1"
                    class="btn-group"
                    default="0"
                    label="MOD_PTMENU_FIELD_SHOW_SUBMENU_HEADER_LABEL"
                    description="MOD_PTMENU_FIELD_SHOW_SUBMENU_HEADER_DESC"
                >
					<option value="0">JNO</option>
					<option value="1">JYES</option>
				</field>

                <field
                    name="submenu_show_tree"
                    type="radio"
                    showon="show_submenu_header:1[AND]menu_behavior:1"
                    class="btn-group"
                    default="0"
                    label="MOD_PTMENU_FIELD_SUBMENU_SHOW_TREE_LABEL"
                    description="MOD_PTMENU_FIELD_SUBMENU_SHOW_TREE_DESC"
                >
					<option value="0">JNO</option>
					<option value="1">JYES</option>
				</field>

				<field
					name="submenu_close_button"
					type="radio"
					showon="show_submenu_header:1[AND]mouseover:0[AND]menu_behavior:1"
					class="btn-group"
					default="0"
					label="MOD_PTMENU_FIELD_SUBMENU_CLOSE_LABEL"
					description="MOD_PTMENU_FIELD_SUBMENU_CLOSE_DESC"
				>
					<option value="0">JNO</option>
					<option value="1">JYES</option>
				</field>

				<field
					name="submenu_close_button_label"
					type="text"
					showon="show_submenu_header:1[AND]mouseover:0[AND]submenu_close_button:1[AND]menu_behavior:1"
					default=""
					label="MOD_PTMENU_FIELD_SUBMENU_CLOSE_LABEL_LABEL"
					description="MOD_PTMENU_FIELD_SUBMENU_CLOSE_LABEL_DESC"
				/>

				<field
					name="anywhereclose"
					type="radio"
					showon="menu_behavior:1"
					class="btn-group"
					default="0"
					label="MOD_PTMENU_FIELD_ANYWHERECLOSE"
					description="MOD_PTMENU_FIELD_ANYWHERECLOSE_DESC"
				>
					<option value="0">JNO</option>
					<option value="1">JYES</option>
				</field>

				<field
					name="keepactiveopen"
					type="radio"
					showon="menu_behavior:1"
					class="btn-group"
					default="0"
					label="MOD_PTMENU_FIELD_KEEPACTIVEOPEN"
					description="MOD_PTMENU_FIELD_KEEPACTIVEOPEN_DESC"
				>
					<option value="0">JNO</option>
					<option value="1">JYES</option>
				</field>



				<field
					name="note-plugins"
					type="note"
					showon="menu_behavior:1"
					label="MOD_PTMENU_NOTE_PLUGIN_HEADLINE"
					description=""
				/>

				<field
					name="plugin-backdrop"
					type="radio"
					showon="menu_behavior:1"
					class="btn-group"
					default="0"
					label="MOD_PTMENU_PLUGIN_BACKDROP_LABEL"
					description="MOD_PTMENU_PLUGIN_BACKDROP_DESC"
				>
					<option value="0">JNO</option>
					<option value="ProtomenuBackdrop">JYES</option>
				</field>
				<field
					name="plugin-html5video"
					type="radio"
					showon="menu_behavior:1"
					class="btn-group"
					default="0"
					label="MOD_PTMENU_PLUGIN_HTML5VIDEO_LABEL"
					description="MOD_PTMENU_PLUGIN_HTML5VIDEO_DESC"
				>
					<option value="0">JNO</option>
					<option value="ProtomenuHtml5Video">JYES</option>
				</field>
			</fieldset>
			<fieldset
				name="advanced">
				<field
					name="tag_id"
					type="text"
					label="MOD_PTMENU_FIELD_TAG_ID_LABEL"
					description="MOD_PTMENU_FIELD_TAG_ID_DESC" />

				<field
					name="class_sfx"
					type="text"
					label="MOD_PTMENU_FIELD_CLASS_LABEL"
					description="MOD_PTMENU_FIELD_CLASS_DESC" />

				<field
					name="window_open"
					type="text"
					label="MOD_PTMENU_FIELD_TARGET_LABEL"
					description="MOD_PTMENU_FIELD_TARGET_DESC" />

				<field
					name="layout"
					type="modulelayout"
					label="JFIELD_ALT_LAYOUT_LABEL"
					description="JFIELD_ALT_MODULE_LAYOUT_DESC" />

				<field
					name="moduleclass_sfx"
					type="textarea" rows="3"
					label="COM_MODULES_FIELD_MODULECLASS_SFX_LABEL"
					description="COM_MODULES_FIELD_MODULECLASS_SFX_DESC" />

				<field
					name="cache"
					type="list"
					default="1"
					label="COM_MODULES_FIELD_CACHING_LABEL"
					description="COM_MODULES_FIELD_CACHING_DESC">
					<option
						value="1">JGLOBAL_USE_GLOBAL</option>
					<option
						value="0">COM_MODULES_FIELD_VALUE_NOCACHING</option>
				</field>
				<field
					name="cache_time"
					type="text"
					default="900"
					label="COM_MODULES_FIELD_CACHE_TIME_LABEL"
					description="COM_MODULES_FIELD_CACHE_TIME_DESC" />
				<field
					name="cachemode"
					type="hidden"
					default="itemid">
					<option
						value="itemid"></option>
				</field>
			</fieldset>
		</fields>
	</config>
</extension>
